ID;Retorno;Valor Investido
0;-671.849,76;847.504,00
1;-674.058,82;847.504,00
2;-674.900,68;847.504,00
3;-673.769,49;847.504,00
4;-673.662,19;847.504,00
5;-674.559,88;847.504,00
6;-673.880,03;847.504,00
7;-673.737,58;847.504,00
8;-673.671,94;847.504,00
9;-673.430,79;847.504,00
10;12.715.668,15;847.504,00
11;16.213.076,07;847.504,00
12;-674.770,47;847.504,00
13;-672.832,92;847.504,00
14;-675.284,59;847.504,00
15;-674.139,70;847.504,00
16;-673.014,87;847.504,00
17;-673.599,45;847.504,00
18;-676.019,79;847.504,00
19;6.012.020,94;847.504,00
20;-672.721,30;847.504,00
21;9.048.504,62;847.504,00
22;10.600.758,22;847.504,00
23;-673.772,01;847.504,00
24;-671.938,72;847.504,00
25;15.893.021,34;847.504,00
26;-674.467,62;847.504,00
27;-673.126,94;847.504,00
28;-677.436,90;847.504,00
29;-674.414,69;847.504,00
30;-674.971,19;847.504,00
31;14.978.559,46;847.504,00
32;-675.658,11;847.504,00
33;19.985.992,83;847.504,00
34;-677.469,61;847.504,00
35;-675.014,21;847.504,00
36;16.723.906,12;847.504,00
37;6.291.497,57;847.504,00
38;11.394.792,78;847.504,00
39;-675.486,04;847.504,00
40;-675.150,72;847.504,00
41;-678.681,55;847.504,00
42;-673.356,62;847.504,00
43;11.714.753,04;847.504,00
44;-672.013,93;847.504,00
45;-673.381,67;847.504,00
46;6.403.448,91;847.504,00
47;-674.651,33;847.504,00
48;-675.890,21;847.504,00
49;-674.812,41;847.504,00
50;11.600.220,68;847.504,00
51;-674.052,44;847.504,00
52;-673.323,25;847.504,00
53;-673.724,79;847.504,00
54;-673.809,10;847.504,00
55;-674.131,62;847.504,00
56;17.826.894,38;847.504,00
57;-674.538,29;847.504,00
58;-676.337,18;847.504,00
59;-675.565,66;847.504,00
60;-674.248,15;847.504,00
61;-672.023,45;847.504,00
62;-673.746,25;847.504,00
63;9.480.687,04;847.504,00
64;-675.900,63;847.504,00
65;-674.289,20;847.504,00
66;-671.391,76;847.504,00
67;-675.550,80;847.504,00
68;15.229.552,73;847.504,00
69;-674.258,63;847.504,00
70;-674.116,87;847.504,00
71;-674.535,71;847.504,00
72;-671.634,99;847.504,00
73;-676.559,97;847.504,00
74;-673.105,55;847.504,00
75;-674.091,03;847.504,00
76;-675.414,00;847.504,00
77;-675.026,35;847.504,00
78;-674.195,95;847.504,00
79;-672.540,35;847.504,00
80;-674.719,33;847.504,00
81;-673.813,54;847.504,00
82;44.224.983,02;847.504,00
83;-675.141,25;847.504,00
84;-674.911,52;847.504,00
85;-677.881,09;847.504,00
86;-672.693,92;847.504,00
87;9.540.979,12;847.504,00
88;-674.389,31;847.504,00
89;16.055.714,20;847.504,00
90;22.759.309,73;847.504,00
91;-674.056,78;847.504,00
92;-672.452,92;847.504,00
93;-675.454,03;847.504,00
94;-673.536,63;847.504,00
95;-676.873,42;847.504,00
96;-671.300,95;847.504,00
97;-679.056,18;847.504,00
98;-672.855,90;847.504,00
99;-676.935,37;847.504,00
100;-674.624,87;847.504,00
101;87.147.437,07;847.504,00
102;104.736.540,14;847.504,00
103;-672.958,88;847.504,00
104;-671.624,66;847.504,00
105;-674.570,10;847.504,00
106;-671.144,38;847.504,00
107;-676.224,33;847.504,00
108;-675.683,78;847.504,00
109;35.521.459,56;847.504,00
110;44.518.223,11;847.504,00
111;52.430.719,07;847.504,00
112;-674.815,81;847.504,00
113;-673.300,08;847.504,00
114;-675.036,64;847.504,00
115;-677.822,35;847.504,00
116;-672.997,03;847.504,00
117;-675.193,54;847.504,00
118;-674.468,09;847.504,00
119;-672.651,61;847.504,00
120;-674.847,59;847.504,00
121;-674.796,08;847.504,00
122;-672.767,14;847.504,00
123;-674.853,33;847.504,00
124;-675.237,60;847.504,00
125;-676.344,35;847.504,00
126;-674.139,16;847.504,00
127;-675.213,58;847.504,00
128;-673.435,79;847.504,00
129;-674.408,81;847.504,00
130;-674.062,91;847.504,00
131;30.720.822,94;847.504,00
132;-673.664,47;847.504,00
133;-674.288,22;847.504,00
134;16.566.083,13;847.504,00
135;-673.085,79;847.504,00
136;-675.097,56;847.504,00
137;-674.692,40;847.504,00
138;46.182.164,68;847.504,00
139;-674.022,01;847.504,00
140;-673.901,15;847.504,00
141;75.665.232,24;847.504,00
142;-674.008,44;847.504,00
143;-670.748,23;847.504,00
144;-673.911,13;847.504,00
145;4.390.509,51;847.504,00
146;-674.489,63;847.504,00
147;17.640.105,27;847.504,00
148;-672.618,11;847.504,00
149;35.130.391,59;847.504,00
150;-674.435,07;847.504,00
151;-671.262,34;847.504,00
152;-676.161,86;847.504,00
153;9.219.676,03;847.504,00
154;-673.172,30;847.504,00
155;-673.452,98;847.504,00
156;-677.954,72;847.504,00
157;-673.056,37;847.504,00
158;-674.447,06;847.504,00
159;-672.575,11;847.504,00
160;-676.460,77;847.504,00
161;18.392.776,36;847.504,00
162;-675.346,93;847.504,00
163;-674.493,53;847.504,00
164;-672.948,06;847.504,00
165;-671.450,57;847.504,00
166;-677.543,69;847.504,00
167;-675.576,37;847.504,00
168;-673.962,09;847.504,00
169;-674.012,09;847.504,00
170;-672.048,12;847.504,00
171;9.523.933,26;847.504,00
172;9.541.312,44;847.504,00
173;9.552.755,96;847.504,00
174;17.641.659,16;847.504,00
175;9.469.752,36;847.504,00
176;-672.016,21;847.504,00
177;-677.141,03;847.504,00
178;38.076.221,67;847.504,00
179;-673.434,88;847.504,00
180;-674.229,98;847.504,00
181;-674.449,06;847.504,00
182;-674.876,56;847.504,00
183;9.572.043,86;847.504,00
184;-674.690,32;847.504,00
185;25.859.139,06;847.504,00
186;9.551.276,51;847.504,00
187;-676.246,24;847.504,00
188;-674.345,37;847.504,00
189;-670.987,53;847.504,00
190;-674.716,31;847.504,00
191;-676.065,41;847.504,00
192;-676.375,57;847.504,00
193;-675.560,01;847.504,00
194;-673.739,46;847.504,00
195;-675.531,48;847.504,00
196;-674.110,89;847.504,00
197;-676.472,90;847.504,00
198;-676.758,82;847.504,00
199;-674.020,32;847.504,00
200;-674.413,70;847.504,00
201;-671.352,44;847.504,00
202;-671.951,99;847.504,00
203;-673.995,33;847.504,00
204;-674.405,35;847.504,00
205;42.368.798,15;847.504,00
206;-675.985,20;847.504,00
207;-671.254,49;847.504,00
208;-675.814,95;847.504,00
209;-672.873,09;847.504,00
210;-675.261,11;847.504,00
211;10.809.727,30;847.504,00
212;-671.545,16;847.504,00
213;-675.720,89;847.504,00
214;-673.602,15;847.504,00
215;-670.405,51;847.504,00
216;-675.464,91;847.504,00
217;-673.160,30;847.504,00
218;-675.350,31;847.504,00
219;11.134.426,56;847.504,00
220;-674.477,99;847.504,00
221;-676.559,91;847.504,00
222;-674.345,34;847.504,00
223;2.315.252,38;847.504,00
224;-674.495,77;847.504,00
225;11.345.503,66;847.504,00
226;22.971.556,33;847.504,00
227;-675.587,22;847.504,00
228;45.490.669,12;847.504,00
229;-674.280,11;847.504,00
230;-673.128,72;847.504,00
231;-673.012,01;847.504,00
232;-673.600,02;847.504,00
233;-672.934,11;847.504,00
234;-674.209,19;847.504,00
235;41.978.497,52;847.504,00
236;-673.302,39;847.504,00
237;-672.927,90;847.504,00
238;47.575.301,46;847.504,00
239;-673.950,66;847.504,00
240;-676.151,43;847.504,00
241;-670.964,89;847.504,00
242;11.023.516,84;847.504,00
243;-676.467,31;847.504,00
244;-674.483,70;847.504,00
245;-673.170,21;847.504,00
246;-677.002,30;847.504,00
247;-673.302,55;847.504,00
248;-674.507,85;847.504,00
249;-674.321,51;847.504,00
250;-675.744,77;847.504,00
251;-674.727,93;847.504,00
252;-674.157,58;847.504,00
253;-674.263,87;847.504,00
254;-674.975,67;847.504,00
255;-674.394,56;847.504,00
256;-675.264,67;847.504,00
257;12.881.608,48;847.504,00
258;-676.229,53;847.504,00
259;-676.859,85;847.504,00
260;-673.096,20;847.504,00
261;-674.585,00;847.504,00
262;-671.126,98;847.504,00
263;37.518.962,16;847.504,00
264;-674.395,05;847.504,00
265;-676.636,92;847.504,00
266;-676.194,22;847.504,00
267;13.406.866,87;847.504,00
268;-674.967,62;847.504,00
269;-676.271,52;847.504,00
270;51.020.754,31;847.504,00
271;69.086.663,53;847.504,00
272;-674.035,92;847.504,00
273;-673.377,98;847.504,00
274;-674.281,87;847.504,00
275;12.577.303,82;847.504,00
276;-674.328,99;847.504,00
277;-676.076,45;847.504,00
278;24.278.187,56;847.504,00
279;-675.299,98;847.504,00
280;-674.140,10;847.504,00
281;23.381.656,30;847.504,00
282;-676.391,41;847.504,00
283;-675.579,88;847.504,00
284;-673.088,08;847.504,00
285;-674.639,12;847.504,00
286;35.055.922,51;847.504,00
287;-673.701,66;847.504,00
288;-675.828,87;847.504,00
289;-674.277,01;847.504,00
290;24.269.371,83;847.504,00
291;-678.167,59;847.504,00
292;-675.905,81;847.504,00
293;13.156.931,57;847.504,00
294;13.092.797,16;847.504,00
295;-673.424,86;847.504,00
296;39.718.727,59;847.504,00
297;-674.316,98;847.504,00
298;-674.933,49;847.504,00
299;-672.304,75;847.504,00
300;-674.078,24;847.504,00
301;-674.163,05;847.504,00
302;-674.309,61;847.504,00
303;-676.765,24;847.504,00
304;38.909.693,26;847.504,00
305;-674.831,24;847.504,00
306;-673.781,25;847.504,00
307;-675.721,07;847.504,00
308;-673.870,77;847.504,00
309;-674.615,56;847.504,00
310;-672.846,30;847.504,00
311;-672.541,84;847.504,00
312;-672.237,78;847.504,00
313;-674.431,75;847.504,00
314;12.550.162,86;847.504,00
315;-674.089,17;847.504,00
316;-673.586,47;847.504,00
317;-674.804,96;847.504,00
318;-676.252,10;847.504,00
319;-677.043,41;847.504,00
320;-674.467,06;847.504,00
321;-674.410,57;847.504,00
322;-676.434,57;847.504,00
323;-674.043,77;847.504,00
324;-673.719,79;847.504,00
325;-673.427,93;847.504,00
326;-674.853,05;847.504,00
327;12.396.685,52;847.504,00
328;-672.895,21;847.504,00
329;-674.847,77;847.504,00
330;-674.266,61;847.504,00
331;-673.835,08;847.504,00
332;-674.836,40;847.504,00
333;-675.740,03;847.504,00
334;22.916.702,74;847.504,00
335;-672.645,65;847.504,00
336;-675.774,03;847.504,00
337;-676.109,02;847.504,00
338;-676.399,80;847.504,00
339;-675.644,10;847.504,00
340;-674.983,01;847.504,00
341;-675.097,16;847.504,00
342;-676.354,58;847.504,00
343;-676.435,74;847.504,00
344;-671.588,43;847.504,00
345;-672.376,62;847.504,00
346;86.424.183,62;847.504,00
347;-671.205,07;847.504,00
348;-673.255,41;847.504,00
349;-676.460,10;847.504,00
350;-675.348,29;847.504,00
351;24.625.699,64;847.504,00
352;-671.884,63;847.504,00
353;-676.350,53;847.504,00
354;-674.580,05;847.504,00
355;12.073.861,18;847.504,00
356;-672.412,31;847.504,00
357;-670.457,68;847.504,00
358;15.626.214,32;847.504,00
359;-674.574,02;847.504,00
360;11.813.737,23;847.504,00
361;-674.680,61;847.504,00
362;-673.707,87;847.504,00
363;-676.596,81;847.504,00
364;-675.994,14;847.504,00
365;12.041.787,76;847.504,00
366;-674.404,55;847.504,00
367;-672.575,58;847.504,00
368;-675.105,35;847.504,00
369;-675.004,15;847.504,00
370;-674.281,15;847.504,00
371;-676.369,22;847.504,00
372;-677.701,97;847.504,00
373;-673.970,71;847.504,00
374;-671.235,67;847.504,00
375;-674.050,97;847.504,00
376;-673.796,49;847.504,00
377;-674.539,51;847.504,00
378;87.526.469,67;847.504,00
379;-675.249,68;847.504,00
380;-673.627,72;847.504,00
381;-673.318,88;847.504,00
382;12.428.021,17;847.504,00
383;23.074.398,24;847.504,00
384;-674.649,72;847.504,00
385;40.685.376,94;847.504,00
386;48.291.651,80;847.504,00
387;-673.473,91;847.504,00
388;67.460.351,20;847.504,00
389;-675.213,84;847.504,00
390;-675.540,80;847.504,00
391;-674.386,72;847.504,00
392;-673.024,16;847.504,00
393;-674.094,54;847.504,00
394;-673.722,88;847.504,00
395;-673.650,10;847.504,00
396;-674.863,65;847.504,00
397;12.502.728,84;847.504,00
398;-672.633,31;847.504,00
399;-673.890,49;847.504,00
400;-674.622,95;847.504,00
401;23.259.959,09;847.504,00
402;-673.420,54;847.504,00
403;22.768.104,76;847.504,00
404;-676.588,23;847.504,00
405;-673.983,66;847.504,00
406;-675.241,45;847.504,00
407;-672.778,43;847.504,00
408;64.816.491,35;847.504,00
409;-672.332,54;847.504,00
410;-674.178,71;847.504,00
411;-675.676,61;847.504,00
412;-673.132,00;847.504,00
413;-672.742,54;847.504,00
414;-670.278,20;847.504,00
415;-674.842,44;847.504,00
416;-672.829,42;847.504,00
417;-672.836,59;847.504,00
418;-672.386,39;847.504,00
419;-673.253,92;847.504,00
420;-671.969,53;847.504,00
421;-676.279,44;847.504,00
422;-673.900,32;847.504,00
423;-673.562,52;847.504,00
424;30.254.978,30;847.504,00
425;-673.203,32;847.504,00
426;-672.879,10;847.504,00
427;-675.485,97;847.504,00
428;-674.648,85;847.504,00
429;-673.085,49;847.504,00
430;-674.879,82;847.504,00
431;-673.358,73;847.504,00
432;-675.084,40;847.504,00
433;-675.661,36;847.504,00
434;-675.221,46;847.504,00
435;-674.303,55;847.504,00
436;-672.597,13;847.504,00
437;-674.133,21;847.504,00
438;-672.393,46;847.504,00
439;-672.061,36;847.504,00
440;28.235.995,64;847.504,00
441;-675.954,78;847.504,00
442;-672.518,41;847.504,00
443;-674.052,01;847.504,00
444;-673.935,48;847.504,00
445;-675.346,32;847.504,00
446;-673.412,59;847.504,00
447;-672.837,82;847.504,00
448;-673.045,37;847.504,00
449;-674.936,95;847.504,00
450;-670.702,83;847.504,00
451;-674.477,89;847.504,00
452;-675.820,34;847.504,00
453;21.706.505,71;847.504,00
454;27.399.230,42;847.504,00
455;-674.812,62;847.504,00
456;-676.128,92;847.504,00
457;11.890.630,45;847.504,00
458;-673.574,65;847.504,00
459;-675.193,55;847.504,00
460;34.466.589,87;847.504,00
461;45.759.754,37;847.504,00
462;-675.958,16;847.504,00
463;-673.484,30;847.504,00
464;-677.539,43;847.504,00
465;-673.338,13;847.504,00
466;-673.882,43;847.504,00
467;37.359.947,73;847.504,00
468;-676.282,85;847.504,00
469;-676.165,85;847.504,00
470;-675.290,20;847.504,00
471;-675.401,68;847.504,00
472;-676.419,98;847.504,00
473;-675.403,71;847.504,00
474;-674.080,26;847.504,00
475;-673.481,66;847.504,00
476;11.694.032,36;847.504,00
477;-672.466,25;847.504,00
478;-673.007,34;847.504,00
479;-675.018,85;847.504,00
480;-673.807,76;847.504,00
481;-675.543,45;847.504,00
482;-672.549,36;847.504,00
483;34.820.814,46;847.504,00
484;40.560.137,35;847.504,00
485;-675.106,55;847.504,00
486;-674.477,60;847.504,00
487;-676.589,37;847.504,00
488;-677.347,71;847.504,00
489;-673.304,48;847.504,00
490;-674.002,37;847.504,00
491;-675.691,59;847.504,00
492;-672.291,75;847.504,00
493;-674.022,87;847.504,00
494;-674.436,66;847.504,00
495;11.442.333,60;847.504,00
496;-674.775,24;847.504,00
497;26.226.275,74;847.504,00
498;-672.623,50;847.504,00
499;-674.577,07;847.504,00
500;-671.421,38;847.504,00
501;-671.462,69;847.504,00
502;-673.481,76;847.504,00
503;78.360.292,15;847.504,00
504;-675.716,93;847.504,00
505;-673.441,31;847.504,00
506;-672.647,89;847.504,00
507;-676.965,14;847.504,00
508;-673.983,18;847.504,00
509;-675.202,09;847.504,00
510;-672.398,49;847.504,00
511;-673.769,14;847.504,00
512;-674.838,75;847.504,00
513;-673.802,17;847.504,00
514;-675.093,70;847.504,00
515;-674.718,27;847.504,00
516;-673.574,85;847.504,00
517;-671.385,81;847.504,00
518;-673.113,66;847.504,00
519;-672.278,73;847.504,00
520;-674.370,03;847.504,00
521;-674.152,53;847.504,00
522;-675.948,53;847.504,00
523;-672.203,73;847.504,00
524;-673.625,80;847.504,00
525;-673.286,91;847.504,00
526;-671.253,96;847.504,00
527;-675.770,63;847.504,00
528;-671.420,74;847.504,00
529;-671.770,80;847.504,00
530;-676.332,95;847.504,00
531;-674.551,37;847.504,00
532;-673.692,40;847.504,00
533;94.900.632,39;847.504,00
534;-671.980,15;847.504,00
535;-676.451,37;847.504,00
536;-673.072,09;847.504,00
537;-674.260,25;847.504,00
538;-674.243,43;847.504,00
539;-675.295,19;847.504,00
540;-676.065,01;847.504,00
541;-674.348,26;847.504,00
542;-674.561,21;847.504,00
543;-670.738,96;847.504,00
544;-675.445,56;847.504,00
545;-676.058,47;847.504,00
546;-674.540,71;847.504,00
547;82.413.028,84;847.504,00
548;-674.900,66;847.504,00
549;-673.544,85;847.504,00
550;-674.584,17;847.504,00
551;11.544.631,59;847.504,00
552;17.667.958,29;847.504,00
553;-674.040,93;847.504,00
554;11.768.002,55;847.504,00
555;20.997.262,31;847.504,00
556;-671.168,24;847.504,00
557;-672.247,70;847.504,00
558;-675.974,78;847.504,00
559;-674.155,27;847.504,00
560;18.397.200,41;847.504,00
561;-676.214,02;847.504,00
562;-673.631,70;847.504,00
563;-673.187,89;847.504,00
564;-676.735,83;847.504,00
565;-672.192,67;847.504,00
566;-675.522,54;847.504,00
567;-674.836,65;847.504,00
568;-673.754,63;847.504,00
569;-677.191,59;847.504,00
570;12.460.751,94;847.504,00
571;12.325.013,60;847.504,00
572;-672.473,95;847.504,00
573;-673.480,93;847.504,00
574;95.629.521,11;847.504,00
575;-674.830,49;847.504,00
576;-672.954,40;847.504,00
577;-673.504,13;847.504,00
578;-672.340,10;847.504,00
579;21.746.431,99;847.504,00
580;-675.694,29;847.504,00
581;-672.396,26;847.504,00
582;17.884.602,26;847.504,00
583;-675.509,70;847.504,00
584;12.055.601,88;847.504,00
585;-672.121,58;847.504,00
586;-675.965,01;847.504,00
587;-673.600,67;847.504,00
588;-674.968,70;847.504,00
589;-675.796,84;847.504,00
590;-670.874,27;847.504,00
591;-675.693,89;847.504,00
592;-672.302,57;847.504,00
593;-674.297,31;847.504,00
594;-672.839,58;847.504,00
595;-676.207,53;847.504,00
596;95.506.933,87;847.504,00
597;-674.758,24;847.504,00
598;-670.918,26;847.504,00
599;-671.285,18;847.504,00
600;-675.748,07;847.504,00
601;12.169.506,59;847.504,00
602;-672.400,29;847.504,00
603;-674.661,93;847.504,00
604;-674.674,78;847.504,00
605;12.313.692,83;847.504,00
606;-675.256,04;847.504,00
607;-671.487,75;847.504,00
608;-673.723,98;847.504,00
609;-675.535,86;847.504,00
610;-675.006,69;847.504,00
611;-673.284,67;847.504,00
612;-675.733,39;847.504,00
613;-673.169,69;847.504,00
614;-674.738,79;847.504,00
615;59.948.268,54;847.504,00
616;67.920.975,76;847.504,00
617;-674.300,35;847.504,00
618;-672.500,05;847.504,00
619;-674.969,48;847.504,00
620;-676.733,29;847.504,00
621;10.128.082,62;847.504,00
622;-674.246,78;847.504,00
623;22.582.120,88;847.504,00
624;-674.793,19;847.504,00
625;-673.594,92;847.504,00
626;-673.681,53;847.504,00
627;-674.750,01;847.504,00
628;-674.734,38;847.504,00
629;-676.985,57;847.504,00
630;-671.679,13;847.504,00
631;36.165.475,38;847.504,00
632;-673.939,70;847.504,00
633;-672.871,58;847.504,00
634;-672.307,12;847.504,00
635;26.405.859,93;847.504,00
636;-673.827,89;847.504,00
637;-674.445,66;847.504,00
638;-674.597,28;847.504,00
639;-674.563,55;847.504,00
640;-673.091,60;847.504,00
641;-673.497,97;847.504,00
642;11.933.716,10;847.504,00
643;-674.186,15;847.504,00
644;-674.665,74;847.504,00
645;-675.003,06;847.504,00
646;-675.412,34;847.504,00
647;20.200.475,68;847.504,00
648;-675.477,20;847.504,00
649;36.990.082,28;847.504,00
650;-674.707,70;847.504,00
651;-675.657,10;847.504,00
652;-674.982,70;847.504,00
653;71.416.725,21;847.504,00
654;-674.676,68;847.504,00
655;-674.704,90;847.504,00
656;53.449.906,02;847.504,00
657;-673.888,16;847.504,00
658;17.903.107,83;847.504,00
659;-673.163,18;847.504,00
660;-674.746,57;847.504,00
661;-674.033,62;847.504,00
662;-673.244,45;847.504,00
663;-672.787,90;847.504,00
664;-675.502,36;847.504,00
665;-672.508,80;847.504,00
666;-674.361,89;847.504,00
667;-673.543,36;847.504,00
668;-673.540,75;847.504,00
669;-673.982,83;847.504,00
670;-672.242,60;847.504,00
671;-675.168,89;847.504,00
672;-673.810,40;847.504,00
673;-673.335,34;847.504,00
674;-672.884,50;847.504,00
675;-674.880,98;847.504,00
676;-675.319,17;847.504,00
677;-671.885,24;847.504,00
678;-672.622,07;847.504,00
679;20.267.102,70;847.504,00
680;-673.946,82;847.504,00
681;11.739.864,19;847.504,00
682;-676.312,85;847.504,00
683;-673.118,83;847.504,00
684;-671.323,66;847.504,00
685;-671.156,48;847.504,00
686;46.000.298,40;847.504,00
687;-674.984,31;847.504,00
688;62.282.391,11;847.504,00
689;-674.369,18;847.504,00
690;-672.613,84;847.504,00
691;-675.108,89;847.504,00
692;-671.033,25;847.504,00
693;-673.247,00;847.504,00
694;-674.139,78;847.504,00
695;-676.416,73;847.504,00
696;-673.892,46;847.504,00
697;63.572.442,13;847.504,00
698;-671.762,07;847.504,00
699;-675.624,81;847.504,00
700;-675.042,14;847.504,00
701;-674.504,87;847.504,00
702;-674.422,87;847.504,00
703;19.290.729,49;847.504,00
704;11.347.418,38;847.504,00
705;-675.101,26;847.504,00
706;-674.088,01;847.504,00
707;-673.545,62;847.504,00
708;-671.855,05;847.504,00
709;-674.655,40;847.504,00
710;-674.083,28;847.504,00
711;-676.063,10;847.504,00
712;16.243.444,53;847.504,00
713;-674.178,98;847.504,00
714;-674.593,77;847.504,00
715;-673.142,38;847.504,00
716;-675.215,10;847.504,00
717;-674.308,12;847.504,00
718;-673.929,21;847.504,00
719;-674.319,83;847.504,00
720;-673.542,75;847.504,00
721;-674.795,11;847.504,00
722;-675.488,12;847.504,00
723;-676.545,21;847.504,00
724;-672.245,93;847.504,00
725;-675.001,04;847.504,00
726;43.572.064,93;847.504,00
727;-674.995,56;847.504,00
728;-671.312,52;847.504,00
729;-675.620,03;847.504,00
730;11.096.761,13;847.504,00
731;-675.831,62;847.504,00
732;-677.546,77;847.504,00
733;-672.521,26;847.504,00
734;-674.354,50;847.504,00
735;-674.553,85;847.504,00
736;-674.869,06;847.504,00
737;-673.257,42;847.504,00
738;-675.844,83;847.504,00
739;-677.709,81;847.504,00
740;11.173.485,52;847.504,00
741;-673.301,37;847.504,00
742;-673.397,07;847.504,00
743;-676.575,37;847.504,00
744;-673.596,02;847.504,00
745;19.558.568,24;847.504,00
746;-672.313,83;847.504,00
747;-672.332,75;847.504,00
748;-673.538,58;847.504,00
749;50.544.501,01;847.504,00
750;-673.352,17;847.504,00
751;-672.033,31;847.504,00
752;-674.743,22;847.504,00
753;-671.222,24;847.504,00
754;-674.592,73;847.504,00
755;-676.421,64;847.504,00
756;-672.890,67;847.504,00
757;-675.591,72;847.504,00
758;-672.435,66;847.504,00
759;-674.335,88;847.504,00
760;-672.901,42;847.504,00
761;-672.417,34;847.504,00
762;-670.578,72;847.504,00
763;18.801.893,50;847.504,00
764;-674.222,69;847.504,00
765;-675.557,02;847.504,00
766;-675.683,41;847.504,00
767;-674.361,07;847.504,00
768;-673.847,76;847.504,00
769;-674.621,55;847.504,00
770;-674.221,99;847.504,00
771;24.007.374,32;847.504,00
772;-671.975,30;847.504,00
773;-676.622,12;847.504,00
774;-671.746,61;847.504,00
775;51.381.797,07;847.504,00
776;-672.922,46;847.504,00
777;71.503.081,25;847.504,00
778;-674.840,07;847.504,00
779;18.701.451,15;847.504,00
780;24.151.617,32;847.504,00
781;-670.856,18;847.504,00
782;-675.643,19;847.504,00
783;-673.035,46;847.504,00
784;-675.859,69;847.504,00
785;-673.786,97;847.504,00
786;-674.110,40;847.504,00
787;-675.211,47;847.504,00
788;-674.003,86;847.504,00
789;-673.405,65;847.504,00
790;-674.375,11;847.504,00
791;-674.356,66;847.504,00
792;-675.198,23;847.504,00
793;-673.786,92;847.504,00
794;-675.435,14;847.504,00
795;-674.065,50;847.504,00
796;33.604.918,16;847.504,00
797;-675.729,14;847.504,00
798;-677.920,19;847.504,00
799;-675.331,22;847.504,00
800;-675.226,89;847.504,00
801;-674.326,55;847.504,00
802;15.199.602,99;847.504,00
803;-671.893,19;847.504,00
804;-673.972,68;847.504,00
805;-674.209,94;847.504,00
806;-676.443,71;847.504,00
807;-676.315,19;847.504,00
808;-674.765,47;847.504,00
809;-674.997,45;847.504,00
810;-673.003,88;847.504,00
811;-673.498,87;847.504,00
812;-670.732,91;847.504,00
813;28.788.396,76;847.504,00
814;-672.679,56;847.504,00
815;16.170.775,86;847.504,00
816;-675.128,23;847.504,00
817;-674.318,38;847.504,00
818;-673.337,04;847.504,00
819;-675.324,19;847.504,00
820;-674.867,60;847.504,00
821;-672.850,33;847.504,00
822;-674.847,56;847.504,00
823;-675.324,01;847.504,00
824;9.906.923,09;847.504,00
825;-674.193,23;847.504,00
826;-672.230,19;847.504,00
827;-673.921,09;847.504,00
828;-675.068,15;847.504,00
829;-672.600,72;847.504,00
830;-674.351,13;847.504,00
831;-674.647,48;847.504,00
832;15.050.006,44;847.504,00
833;-670.994,80;847.504,00
834;-675.639,07;847.504,00
835;34.498.778,70;847.504,00
836;10.477.494,54;847.504,00
837;-676.438,42;847.504,00
838;-674.100,82;847.504,00
839;-677.131,72;847.504,00
840;-671.793,96;847.504,00
841;-674.110,03;847.504,00
842;-673.175,11;847.504,00
843;-672.685,96;847.504,00
844;26.219.202,99;847.504,00
845;33.262.746,45;847.504,00
846;-673.225,59;847.504,00
847;-674.602,19;847.504,00
848;-674.016,56;847.504,00
849;-674.314,54;847.504,00
850;100.711.110,95;847.504,00
851;-672.910,60;847.504,00
852;-674.621,56;847.504,00
853;-675.951,33;847.504,00
854;22.992.455,88;847.504,00
855;-674.305,55;847.504,00
856;-673.305,14;847.504,00
857;-675.935,36;847.504,00
858;-676.159,61;847.504,00
859;-673.278,17;847.504,00
860;-674.408,12;847.504,00
861;-672.864,22;847.504,00
862;23.198.218,14;847.504,00
863;30.665.909,48;847.504,00
864;-674.663,77;847.504,00
865;-676.860,60;847.504,00
866;-672.633,77;847.504,00
867;-677.600,04;847.504,00
868;69.472.417,13;847.504,00
869;-672.214,40;847.504,00
870;-674.117,22;847.504,00
871;-674.353,43;847.504,00
872;-674.679,55;847.504,00
873;-675.854,18;847.504,00
874;-674.646,94;847.504,00
875;-676.151,15;847.504,00
876;-671.324,91;847.504,00
877;-674.286,28;847.504,00
878;-671.281,15;847.504,00
879;-675.508,04;847.504,00
880;-675.017,20;847.504,00
881;-671.357,40;847.504,00
882;-672.502,53;847.504,00
883;-674.432,99;847.504,00
884;38.076.287,06;847.504,00
885;-674.990,64;847.504,00
886;-673.373,43;847.504,00
887;-675.665,07;847.504,00
888;23.048.523,28;847.504,00
889;31.270.607,86;847.504,00
890;-676.512,80;847.504,00
891;-676.774,48;847.504,00
892;51.142.735,98;847.504,00
893;-675.858,32;847.504,00
894;16.219.818,70;847.504,00
895;-675.830,88;847.504,00
896;-674.964,99;847.504,00
897;-674.638,17;847.504,00
898;-675.239,59;847.504,00
899;50.671.212,14;847.504,00
900;56.852.387,99;847.504,00
901;-674.718,90;847.504,00
902;15.953.507,68;847.504,00
903;-673.263,97;847.504,00
904;-672.222,28;847.504,00
905;-673.215,89;847.504,00
906;-674.036,83;847.504,00
907;-676.134,17;847.504,00
908;-672.609,32;847.504,00
909;66.552.281,64;847.504,00
910;-673.657,69;847.504,00
911;-674.098,41;847.504,00
912;-674.527,37;847.504,00
913;-677.814,41;847.504,00
914;-674.032,03;847.504,00
915;-672.369,72;847.504,00
916;-674.449,63;847.504,00
917;-674.109,33;847.504,00
918;-674.773,26;847.504,00
919;-677.929,67;847.504,00
920;-674.112,81;847.504,00
921;-672.006,49;847.504,00
922;-674.667,33;847.504,00
923;-676.577,68;847.504,00
924;-671.982,56;847.504,00
925;19.464.053,11;847.504,00
926;-674.239,67;847.504,00
927;-672.373,41;847.504,00
928;-675.288,34;847.504,00
929;46.894.471,16;847.504,00
930;12.195.867,40;847.504,00
931;-674.372,15;847.504,00
932;-676.017,04;847.504,00
933;5.894.557,04;847.504,00
934;-677.548,79;847.504,00
935;19.571.095,54;847.504,00
936;-676.235,72;847.504,00
937;-674.443,48;847.504,00
938;-673.156,15;847.504,00
939;-676.395,47;847.504,00
940;13.997.763,30;847.504,00
941;-673.367,39;847.504,00
942;-674.103,39;847.504,00
943;139.430.633,82;847.504,00
944;-674.944,37;847.504,00
945;-674.110,66;847.504,00
946;-675.437,97;847.504,00
947;-672.443,23;847.504,00
948;-673.731,31;847.504,00
949;-675.003,74;847.504,00
950;-672.985,23;847.504,00
951;-674.259,90;847.504,00
952;-675.349,44;847.504,00
953;-675.405,36;847.504,00
954;-672.479,09;847.504,00
955;32.047.419,63;847.504,00
956;-673.458,61;847.504,00
957;-672.710,01;847.504,00
958;-674.505,81;847.504,00
959;-671.609,75;847.504,00
960;-675.805,21;847.504,00
961;-674.213,21;847.504,00
962;-676.293,11;847.504,00
963;-670.526,09;847.504,00
964;51.201.877,72;847.504,00
965;-674.074,64;847.504,00
966;-674.922,50;847.504,00
967;-673.093,90;847.504,00
968;20.917.430,12;847.504,00
969;-671.890,83;847.504,00
970;39.584.417,42;847.504,00
971;-673.066,61;847.504,00
972;-675.041,84;847.504,00
973;-674.480,37;847.504,00
974;-674.217,45;847.504,00
975;-677.053,36;847.504,00
976;21.560.982,85;847.504,00
977;14.013.235,86;847.504,00
978;-674.746,86;847.504,00
979;-676.571,83;847.504,00
980;-673.633,87;847.504,00
981;-674.843,22;847.504,00
982;-674.020,21;847.504,00
983;-671.689,17;847.504,00
984;31.251.751,96;847.504,00
985;-674.952,77;847.504,00
986;51.238.832,22;847.504,00
987;-675.865,93;847.504,00
988;-674.220,10;847.504,00
989;14.068.013,85;847.504,00
990;-671.067,70;847.504,00
991;-677.587,35;847.504,00
992;-674.532,61;847.504,00
993;49.177.443,71;847.504,00
994;-671.414,01;847.504,00
995;-673.452,39;847.504,00
996;-674.204,65;847.504,00
997;-675.732,08;847.504,00
998;-673.995,40;847.504,00
999;-673.670,75;847.504,00
1000;-676.114,44;847.504,00
1001;-674.151,32;847.504,00
1002;-674.791,82;847.504,00
1003;-673.626,20;847.504,00
1004;-674.131,96;847.504,00
1005;-676.114,58;847.504,00
1006;83.646.360,69;847.504,00
1007;-674.789,84;847.504,00
1008;-672.372,01;847.504,00
1009;112.801.634,38;847.504,00
1010;121.177.462,65;847.504,00
1011;-674.645,76;847.504,00
1012;-671.857,76;847.504,00
1013;-675.919,65;847.504,00
1014;-675.078,37;847.504,00
1015;-674.211,76;847.504,00
1016;-676.026,47;847.504,00
1017;-673.107,78;847.504,00
1018;-674.259,70;847.504,00
1019;-674.125,70;847.504,00
1020;-673.692,22;847.504,00
1021;-677.120,69;847.504,00
1022;-674.112,65;847.504,00
1023;-676.548,98;847.504,00
1024;-672.460,98;847.504,00
1025;-674.429,54;847.504,00
1026;-673.576,47;847.504,00
1027;-673.353,64;847.504,00
1028;-674.770,64;847.504,00
1029;-673.302,72;847.504,00
1030;-676.025,92;847.504,00
1031;-673.236,65;847.504,00
1032;-670.139,74;847.504,00
1033;-676.837,45;847.504,00
1034;-676.089,17;847.504,00
1035;-674.259,48;847.504,00
1036;-674.319,01;847.504,00
1037;-672.346,37;847.504,00
1038;-672.004,16;847.504,00
1039;-672.943,24;847.504,00
1040;-673.691,67;847.504,00
1041;113.830.900,69;847.504,00
1042;-674.714,73;847.504,00
1043;134.236.680,50;847.504,00
1044;-673.811,22;847.504,00
1045;157.225.408,40;847.504,00
1046;-675.747,29;847.504,00
1047;-676.991,76;847.504,00
1048;-675.408,74;847.504,00
1049;-673.390,51;847.504,00
1050;-673.469,62;847.504,00
1051;-676.647,47;847.504,00
1052;-671.272,86;847.504,00
1053;-673.599,69;847.504,00
1054;-674.405,87;847.504,00
1055;-674.966,63;847.504,00
1056;-674.986,37;847.504,00
1057;-672.214,22;847.504,00
1058;-675.436,05;847.504,00
1059;-670.239,17;847.504,00
1060;-672.513,27;847.504,00
1061;-674.560,58;847.504,00
1062;-675.614,41;847.504,00
1063;78.907.121,02;847.504,00
1064;-673.773,64;847.504,00
1065;93.632.159,15;847.504,00
1066;101.263.185,76;847.504,00
1067;-674.625,86;847.504,00
1068;-673.755,20;847.504,00
1069;14.415.609,50;847.504,00
1070;-674.844,38;847.504,00
1071;-671.056,85;847.504,00
1072;-674.800,27;847.504,00
1073;25.014.109,63;847.504,00
1074;-674.714,50;847.504,00
1075;-674.539,64;847.504,00
1076;-673.356,03;847.504,00
1077;65.540.053,62;847.504,00
1078;-671.921,71;847.504,00
1079;-675.358,09;847.504,00
1080;-675.372,68;847.504,00
1081;-673.373,61;847.504,00
1082;-675.502,45;847.504,00
1083;113.866.562,97;847.504,00
1084;-675.185,48;847.504,00
1085;-676.736,01;847.504,00
1086;141.482.711,57;847.504,00
1087;-672.707,10;847.504,00
1088;-673.816,50;847.504,00
1089;25.423.760,56;847.504,00
1090;33.716.407,97;847.504,00
1091;-674.924,65;847.504,00
1092;-676.280,07;847.504,00
1093;-676.954,81;847.504,00
1094;-674.416,47;847.504,00
1095;-674.264,74;847.504,00
1096;39.954.248,55;847.504,00
1097;50.922.634,16;847.504,00
1098;-670.831,20;847.504,00
1099;-671.979,74;847.504,00
1100;-674.730,18;847.504,00
1101;-677.594,05;847.504,00
1102;-673.694,92;847.504,00
1103;-672.589,61;847.504,00
1104;-671.725,21;847.504,00
1105;14.283.441,33;847.504,00
1106;-672.891,27;847.504,00
1107;-675.773,83;847.504,00
1108;-675.097,46;847.504,00
1109;-674.175,94;847.504,00
1110;-673.887,35;847.504,00
1111;-676.102,99;847.504,00
1112;38.710.631,06;847.504,00
1113;-672.806,93;847.504,00
1114;-676.477,46;847.504,00
1115;-674.616,17;847.504,00
1116;-675.272,88;847.504,00
1117;-675.146,07;847.504,00
1118;14.280.253,08;847.504,00
1119;23.886.662,17;847.504,00
1120;-673.629,19;847.504,00
1121;-672.545,83;847.504,00
1122;21.055.804,05;847.504,00
1123;30.971.783,26;847.504,00
1124;-676.733,63;847.504,00
1125;-673.594,81;847.504,00
1126;-674.916,57;847.504,00
1127;-676.721,15;847.504,00
1128;14.451.817,75;847.504,00
1129;-674.559,50;847.504,00
1130;-675.957,64;847.504,00
1131;-674.055,23;847.504,00
1132;-672.101,59;847.504,00
1133;61.107.475,19;847.504,00
1134;67.044.122,52;847.504,00
1135;-674.470,57;847.504,00
1136;-673.036,49;847.504,00
1137;-674.312,84;847.504,00
1138;-673.892,28;847.504,00
1139;-676.004,59;847.504,00
1140;22.085.355,72;847.504,00
1141;-673.650,03;847.504,00
1142;-676.844,63;847.504,00
1143;-672.914,96;847.504,00
1144;-673.125,74;847.504,00
1145;32.100.386,18;847.504,00
1146;-673.816,01;847.504,00
1147;-673.202,71;847.504,00
1148;123.735.344,58;847.504,00
1149;-674.013,49;847.504,00
1150;-672.413,01;847.504,00
1151;-676.757,84;847.504,00
1152;-674.463,35;847.504,00
1153;-674.631,12;847.504,00
1154;-676.282,06;847.504,00
1155;42.907.633,77;847.504,00
1156;-674.514,57;847.504,00
1157;-674.520,96;847.504,00
1158;-674.356,14;847.504,00
1159;75.696.328,94;847.504,00
1160;-676.901,84;847.504,00
1161;25.028.885,99;847.504,00
1162;-675.307,84;847.504,00
1163;-677.234,58;847.504,00
1164;-673.120,90;847.504,00
1165;-674.009,52;847.504,00
1166;-674.040,62;847.504,00
1167;-676.156,74;847.504,00
1168;-673.477,61;847.504,00
1169;-673.893,12;847.504,00
1170;-673.072,95;847.504,00
1171;-674.646,04;847.504,00
1172;82.382.756,06;847.504,00
1173;-676.439,93;847.504,00
1174;98.352.891,79;847.504,00
1175;107.871.774,70;847.504,00
1176;-673.846,61;847.504,00
1177;-676.406,03;847.504,00
1178;-675.186,67;847.504,00
1179;-675.645,58;847.504,00
1180;-673.987,64;847.504,00
1181;-673.581,64;847.504,00
1182;60.948.687,86;847.504,00
1183;67.479.119,61;847.504,00
1184;-673.133,81;847.504,00
1185;-677.161,04;847.504,00
1186;-673.999,32;847.504,00
1187;-669.959,47;847.504,00
1188;-671.053,07;847.504,00
1189;-675.053,47;847.504,00
1190;151.729.694,45;847.504,00
1191;-675.215,15;847.504,00
1192;-675.784,31;847.504,00
1193;-674.333,56;847.504,00
1194;42.619.759,42;847.504,00
1195;-675.945,73;847.504,00
1196;-675.088,49;847.504,00
1197;-675.777,72;847.504,00
1198;-673.105,05;847.504,00
1199;-672.545,82;847.504,00
1200;-674.238,27;847.504,00
1201;-674.172,71;847.504,00
1202;-674.928,72;847.504,00
1203;-673.362,26;847.504,00
1204;-672.221,70;847.504,00
1205;-670.494,42;847.504,00
1206;-674.976,58;847.504,00
1207;-675.843,80;847.504,00
1208;-671.916,21;847.504,00
1209;-670.735,60;847.504,00
1210;21.142.361,47;847.504,00
1211;-675.219,57;847.504,00
1212;-672.392,95;847.504,00
1213;-672.006,97;847.504,00
1214;21.013.637,95;847.504,00
1215;-672.682,10;847.504,00
1216;38.537.377,17;847.504,00
1217;-675.234,24;847.504,00
1218;-675.274,55;847.504,00
1219;-673.115,24;847.504,00
1220;-675.094,64;847.504,00
1221;-676.942,10;847.504,00
1222;-673.374,81;847.504,00
1223;-673.945,76;847.504,00
1224;-674.301,95;847.504,00
1225;-672.845,13;847.504,00
1226;-675.584,75;847.504,00
1227;-674.133,06;847.504,00
1228;-675.576,00;847.504,00
1229;-674.509,90;847.504,00
1230;-673.100,70;847.504,00
1231;-673.949,73;847.504,00
1232;-673.736,35;847.504,00
1233;-675.905,24;847.504,00
1234;14.581.989,65;847.504,00
1235;-678.391,55;847.504,00
1236;-673.336,43;847.504,00
1237;-677.260,48;847.504,00
1238;-671.410,46;847.504,00
1239;64.546.719,57;847.504,00
1240;70.226.490,60;847.504,00
1241;-673.502,61;847.504,00
1242;82.667.801,89;847.504,00
1243;-674.643,50;847.504,00
1244;-674.370,64;847.504,00
1245;-673.363,14;847.504,00
1246;-676.392,63;847.504,00
1247;-673.798,52;847.504,00
1248;-674.058,36;847.504,00
1249;-674.149,51;847.504,00
1250;154.609.003,05;847.504,00
1251;-675.781,16;847.504,00
1252;-674.608,22;847.504,00
1253;-675.145,09;847.504,00
1254;-676.427,41;847.504,00
1255;-674.978,12;847.504,00
1256;-673.796,54;847.504,00
1257;-674.101,14;847.504,00
1258;-672.133,25;847.504,00
1259;-670.595,64;847.504,00
1260;-673.932,65;847.504,00
1261;-674.574,03;847.504,00
1262;-674.262,96;847.504,00
1263;-673.663,32;847.504,00
1264;-674.543,11;847.504,00
1265;83.338.962,92;847.504,00
1266;-673.516,72;847.504,00
1267;97.636.763,62;847.504,00
1268;-673.696,14;847.504,00
1269;-672.537,60;847.504,00
1270;-672.018,80;847.504,00
1271;-674.301,58;847.504,00
1272;40.282.959,28;847.504,00
1273;13.647.905,02;847.504,00
1274;-674.489,46;847.504,00
1275;-676.420,39;847.504,00
1276;-673.106,37;847.504,00
1277;13.808.360,16;847.504,00
1278;-672.924,66;847.504,00
1279;32.415.289,67;847.504,00
1280;-672.998,75;847.504,00
1281;-672.735,05;847.504,00
1282;-671.847,18;847.504,00
1283;-670.288,84;847.504,00
1284;-673.115,96;847.504,00
1285;-675.255,12;847.504,00
1286;-674.022,31;847.504,00
1287;-673.087,02;847.504,00
1288;13.737.444,49;847.504,00
1289;-673.174,66;847.504,00
1290;-673.012,34;847.504,00
1291;-674.389,00;847.504,00
1292;-675.492,88;847.504,00
1293;-676.107,39;847.504,00
1294;-674.878,54;847.504,00
1295;-672.770,94;847.504,00
1296;42.840.925,98;847.504,00
1297;-675.171,80;847.504,00
1298;14.166.855,19;847.504,00
1299;-672.678,79;847.504,00
1300;34.892.140,64;847.504,00
1301;-673.721,93;847.504,00
1302;57.193.446,44;847.504,00
1303;-675.106,17;847.504,00
1304;-673.578,73;847.504,00
1305;21.421.919,89;847.504,00
1306;-674.705,73;847.504,00
1307;-675.007,20;847.504,00
1308;39.834.243,23;847.504,00
1309;46.262.841,18;847.504,00
1310;-674.541,32;847.504,00
1311;57.694.644,71;847.504,00
1312;14.353.516,10;847.504,00
1313;-674.315,76;847.504,00
1314;-673.988,41;847.504,00
1315;-674.018,22;847.504,00
1316;-673.006,77;847.504,00
1317;-675.496,99;847.504,00
1318;-675.818,51;847.504,00
1319;-672.996,28;847.504,00
1320;-674.668,14;847.504,00
1321;-675.848,77;847.504,00
1322;-672.755,56;847.504,00
1323;14.623.761,44;847.504,00
1324;-672.695,75;847.504,00
1325;-672.885,68;847.504,00
1326;-673.355,14;847.504,00
1327;-672.053,26;847.504,00
1328;-675.105,55;847.504,00
1329;25.661.754,88;847.504,00
1330;-672.109,70;847.504,00
1331;-676.117,49;847.504,00
1332;-674.487,77;847.504,00
1333;-675.023,57;847.504,00
1334;-675.439,59;847.504,00
1335;-675.390,22;847.504,00
1336;-673.708,35;847.504,00
1337;-674.386,57;847.504,00
1338;-673.656,86;847.504,00
1339;-671.714,56;847.504,00
1340;-674.747,31;847.504,00
1341;-672.441,35;847.504,00
1342;43.697.211,61;847.504,00
1343;-673.651,39;847.504,00
1344;-673.873,16;847.504,00
1345;-675.634,88;847.504,00
1346;-675.278,44;847.504,00
1347;-676.154,33;847.504,00
1348;-674.523,37;847.504,00
1349;126.222.970,26;847.504,00
1350;-675.553,21;847.504,00
1351;-673.531,57;847.504,00
1352;-673.749,29;847.504,00
1353;-673.212,62;847.504,00
1354;-674.203,09;847.504,00
1355;-674.126,87;847.504,00
1356;-672.696,35;847.504,00
1357;-675.794,56;847.504,00
1358;14.856.548,00;847.504,00
1359;27.087.807,71;847.504,00
1360;-674.910,77;847.504,00
1361;26.813.545,43;847.504,00
1362;-675.060,08;847.504,00
1363;-674.939,02;847.504,00
1364;-676.268,20;847.504,00
1365;-673.656,86;847.504,00
1366;-675.295,04;847.504,00
1367;-675.532,28;847.504,00
1368;-674.480,24;847.504,00
1369;-675.022,22;847.504,00
1370;-673.586,49;847.504,00
1371;-673.819,95;847.504,00
1372;-673.527,52;847.504,00
1373;-673.043,39;847.504,00
1374;-673.977,49;847.504,00
1375;-674.602,30;847.504,00
1376;-674.338,22;847.504,00
1377;-672.698,98;847.504,00
1378;180.826.325,56;847.504,00
1379;-674.210,16;847.504,00
1380;-672.238,21;847.504,00
1381;-672.952,98;847.504,00
1382;-673.131,39;847.504,00
1383;-674.040,40;847.504,00
1384;-673.069,53;847.504,00
1385;-673.086,88;847.504,00
1386;14.680.452,04;847.504,00
1387;-674.759,10;847.504,00
1388;-673.194,71;847.504,00
1389;-674.607,53;847.504,00
1390;-675.496,42;847.504,00
1391;-673.580,47;847.504,00
1392;14.395.697,80;847.504,00
1393;-675.838,59;847.504,00
1394;-673.698,69;847.504,00
1395;113.413.817,39;847.504,00
1396;-672.686,65;847.504,00
1397;-673.287,59;847.504,00
1398;156.969.826,80;847.504,00
1399;-671.937,99;847.504,00
1400;179.987.127,65;847.504,00
1401;181.354.528,95;847.504,00
1402;-673.581,61;847.504,00
1403;-676.320,59;847.504,00
